{"cameraMode":{"drawMode":0,"name":"Shaded","section":"Shading Mode"},"sceneLighting":true,"audioPlay":false,"sceneViewState":{"m_AlwaysRefresh":false,"showFog":true,"showSkybox":true,"showFlares":true,"showImageEffects":true,"showParticleSystems":true,"showVisualEffectGraphs":true,"m_FxEnabled":true},"in2DMode":false,"pivot":{"x":1290.2769775390625,"y":725.8292236328125,"z":0.5905210375785828},"rotation":{"x":0.035817261785268787,"y":0.006930519826710224,"z":-0.0002467145095579326,"w":0.9993326663970947},"size":270.7970275878906,"orthographic":true}