{"cameraMode":{"drawMode":0,"name":"Shaded","section":"Shading Mode"},"sceneLighting":true,"audioPlay":false,"sceneViewState":{"m_AlwaysRefresh":false,"showFog":true,"showSkybox":true,"showFlares":true,"showImageEffects":true,"showParticleSystems":true,"showVisualEffectGraphs":true,"m_FxEnabled":true},"in2DMode":false,"pivot":{"x":1265.129638671875,"y":699.256591796875,"z":-0.96807461977005},"rotation":{"x":0.035817261785268787,"y":0.006930519826710224,"z":-0.0002467145095579326,"w":0.9993326663970947},"size":357.6877136230469,"orthographic":true}